moo,,БУМАГА НА 01/06/2026,,,,,,,,,,,,,,,
,,,,,,,,,,,,ФАКТУРА,НАТУРАЛ,МЕТАЛЛ,СОФТ,СПИСАТЬ,КОНВЕРТ
ДИЗАЙНЕРСКАЯ БУМАГА,,,,,,,,,,,"остаток, лист",,,,,,
ПОСТАВЩИК,ПРИХОД,НАИМЕНОВАНИЕ,ФОРМАТ,КОЛ-ВО,,,,ЦЕНА с ндс,"ЦВЕТ, ФАКТУРА",ПЛОТНОСТЬ,01/06/26,,,,,,
НАТУРАЛЬНАЯ,,,,,,,,,,,,,,,,,
Бумажная компания,ТТН 2183234 от 19.05.23г.,"Бумага дизайнерская REMAKE ЭКО гладкая, medium, небесно-бирюзовый, 120г/м2",лист SRA3,20,"0,57","1,58","0,90","1,08",ЭКО-БИРЮЗОВЫЙ,120,20,,,,,,
Люмитекс,ТТН0482236 от 18.12.25г.,"Бумага FEDRIGONI ARENA ROUGN NATURAL 300г/м2, Италия",лист SRA3,160,"1,08","1,62","1,75","2,10",НАТУРАЛЬНАЯ АКВАРЕЛЬ,300,67,,,,,,
Люмитекс,ТТН5663774 от 02.10.25г.,"Бумага дизайнерская Biancoflash Ivory Айвори, 300г/м2, Италия",лист SRA3,80,"1,08","1,62","1,75","2,10",АЙВОРИ ГЛАДКАЯ,300,39,,,,,,
Бумажная компания,ТТН 2183233 от 19.05.23г.,"Бумага дизайнерская CRUSH Grape Виноград, 250г/м2, Италия",лист SRA3,19,"0,75","2,00","1,50","1,80",ЭКО-РОЗОВО-БЕЖЕВЫЙ,250,9,,,,,,
Бумажная компания,ТТН1090177 от 31.07.24г.,"Бумага дизайнерская CRUSH Oliva Олива, 250г/м2, Италия",лист SRA3,40,"0,89","1,69","1,50","1,80",ЭКО - ОЛИВКОВЫЙ,250,39,,,,,,
Бумажная компания,ТТН5637643 от 28.08.24г.,"Бумага дизайнерская CRUSH Com Кукуруза, 250г/м2, Италия",лист SRA3,5,"0,79","1,90","1,50","1,80",ЭКО-БЕЖЕВЫЙ С ВКРАПЛЕНИЯМИ,250,9,,,,,,
Бумажная компания,ТТН0126516 от 16.10.24г.,"Бумага дизайнерская CRUSH Com Кукуруза, 250г/м2, Италия",лист SRA3,6,"0,79","1,90","1,50","1,80",ЭКО-БЕЖЕВЫЙ С ВКРАПЛЕНИЯМИ,250,,,,,,,
Бумажная компания,ТТН1090177 от 31.07.24г.,"Бумага дизайнерская CRUSH Kiwi Киви, 250г/м2, Италия",лист SRA3,40,"0,89","1,69","1,50","1,80",ЭКО-СВЕТЛО ЗЕЛЕНЫЙ,250,17,,,,,,
Бумажная компания,ТТН0510161 от 07.06.24г.,"Бумага дизайнерская CRUSH Citrus Цитрус, 250г/м2, Италия",лист SRA3,3,"0,81","1,85","1,50","1,80",ЭКО,250,3,,,,,,
АртПапера,ТН2137442 от 13.10.25г.,"Бумага дизайнерская Imagin Lighte Craft, 300г/м2, Китай",лист SRA3,20,"1,25","1,40","1,75","2,10",КРАФТ СВЕТЛЫЙ,300,,,,,,,
Бумажная компания,ТТН1706574 от 03.06.25г.,"Крафт бумага Kraft brown 300г/м2, Китай",лист SRA3,11,"0,71","2,46","1,75","2,10",КРАФТ КОРИЧНЕВЫЙ,300,,,,,,,
Бумажная компания,ТТН1706574 от 03.06.25г.,"Крафт бумага Kraft Light 350г/м2, Китай",лист SRA3,25,"1,40","1,43","2,00","2,40",КРАФТ СВЕТЛЫЙ,350,,,,,,,
2026,,,,,,,,,,,,,,,,,
АртПапера,ТН1541203 от 13.01.26г.,"Бумага дизайнерская Dawnt Moon creme (кремовый), 300г /м2 , Китай",лист SRA3,40,"1,00","1,75","1,75","2,10",ГЛАДКАЯ КРЕМОВАЯ,300,,,,,,,
Бумажная компания,ТТН0015810 от 28.01.26г.,"Бумага дизайнерская Natural colour kraft Крафт, 150г/м2, Китай",лист SRA3,40,"0,38","1,85","0,70","0,84",КРАФТ СВЕТЛЫЙ,150,,,,,,,
АртПапера,ТН1541588 от 16.02.26г.,"Бумага дизайнерская Dawnt Moon Natural (натуральный белый), 300г /м2 , Китай",лист SRA3,40,"1,00","1,75","1,75","2,10",НАТУРАЛЬНАЯ ГЛАДКАЯ,300,,,,,,,
АртПапера,ТН1541588 от 16.02.26г.,"Бумага дизайнерская Dawnt Moon creme (кремовый), 300г /м2 , Китай",лист SRA3,40,"1,00","1,75","1,75","2,10",КРЕМОВАЯ ГЛАДКАЯ,300,,,,,,,
АртПапера,ТН1541588 от 16.02.26г.,"Бумага дизайнерская Dawnt Moon Natural (натуральный белый), 180г /м2 , Китай",лист SRA3,60,"0,50","2,00","1,00","1,20",НАТУРАЛЬНАЯ ГЛАДКАЯ,180,11,,,,,,
АртПапера,ТН1541588 от 16.02.26г.,"Бумага дизайнерская Dawnt Moon creme (кремовый), 180г /м2 , Китай",лист SRA3,60,"0,50","2,00","1,00","1,20",КРЕМОВАЯ ГЛАДКАЯ,180,,,,,,,
,,,,,,,,,,,,,,,,,
ФАКТУРНАЯ,,,,,,,,,,,,,,,,,
Бумажная компания,ТТН4081874 от 15.12.25г.,"Бумага дизайнерская Gold pendant angel cream, кремовый, 120г/м2, Китай",лист SRA3,40,"0,76","1,65","1,25","1,50",КРЕМОВАЯ с золотыми вкраплениями,120,40,,,,,,
ЛЮмитекс,ТТН1246135 от 23.06.21г.,Бумага 300/70х100/100/L RELEX LOTION КРЕМОВЫЙ 2СТ (картон),лист SRA3,14,"1,75","1,29","2,25","2,70",ФАКТУРНАЯ,300,списать,,,,,,
Бумажная компания,ТТН1866087 от 06.04.22г.,"Бумага дизайнерская SIRIUS WHITE Белый, 300г/м2, Турция",лист SRA3,3,"1,15","1,96","2,25","2,70",МОЛОТОК БЕЛАЯ,300,,,,,,,
Бумажная компания,ТТН1060072 от 09.09.22г.,"Бумага дизайнерская Kabuk GREY СЕРЫЙ, 270г/м2, Турция",лист 340*250,48,"0,56","1,43","0,80","0,96",ФАКТУРНАЯ СЕРАЯ,270,есть,,,,,,
Бумажная компания,ТТН 0203413 от 31.03.23г.,"Бумага дизайнерская Kabuk GREEN Зеленый, 270г/м2, Турция",лист 297*360 мм,9,"1,27","1,77","2,25","2,70",ФАКТУРНАЯ ЗЕЛЕНАЯ,270,9,,,,,,
Бумажная компания,ТТН0129771 от 19.11.24г.,"Бумага дизайнерская Kabuk GREEN, Зеленый, 270г/м2, Турция",лист SRA3,19,"1,95","1,16","2,25","2,70",ФАКТУРНАЯ ЗЕЛЕНАЯ,270,,,,,,,
Бумажная компания,ТТН4862483 от 21.02.25г.,"Бумага дизайнерская GRANIT GRAY светло-серый, 270г/м2, Италия",лист SRA3,17,"0,96","2,34","2,25","2,70",СВЕТЛО-СЕРАЯ,270,15,,,,,,
Бумажная компания,ТТН0129771 от 19.11.24г.,"Бумага дизайнерская ZENIT Needle Point Green,  Зеленый, 270г/м2, Турция",лист SRA3,3,"1,95","1,16","2,25","2,70",ФАКТУРНАЯ ЗЕЛЕНАЯ,270,,,,,,,
Люмитекс,ТТН0735433 от 28.06.24г.,Бумага MODI LASER DIGITAL CANDIDO 120г/м2,лист SRA3,4,"0,39","2,56","1,00","1,20",МОЛОТОК БЕЛАЯ,120,4,,,,,,
АртПапера,ТН2137442 от 13.10.25г.,"Бумага дизайнерская SL GRAPHICA Laid Diamond White 300г береза, Китай",лист SRA3,19,"1,50","1,50","2,25","2,70",ФАКТУРНАЯ,300,СПИСАТЬ,,,,,,
Буманая компания,ТТН 4474702 от 23.12.24г.,"Бумага дизайнерская Kabuk WHITE Белый, 300г/м2, Турция",лист SRA3,68,"1,86","1,21","2,25","2,70",ФАКТУРНАЯ БЕЛАЯ,300,,,,,,,
Буманая компания,ТТН 4474702 от 23.12.24г.,"Бумага дизайнерская Kabuk Natural Натуральный, 300г/м2, Турция",лист SRA3,65,"1,79","1,26","2,25","2,70",ФАКТУРНАЯ,300,СПИСАТЬ,,,,,,
Бумажная компания,ТТН1706574 от 03.06.25г.,"Бумага дизайнерская Fancy Colorful white, 120г/м2, Италия",лист227*335мм,223,"0,27","1,85","0,50","0,60",ХЛОПОК НАТУРАЛЬНЫЙ,120,"ланголо, фиори",,,,,,
Бумажная компания,ТТН0129771 от 19.11.24г.,"Бумага дизайнерская Kabuk Cream Кремовый, 120г/м2, Турция",лист SRA3,25,"0,56","1,60","0,90","1,08",ФАКТУРНАЯ КРЕМОВАЯ,120,ОСТАТКИ,,,,,,
Бумажная компания,ТТН2161415 от 10.02.23г.,"Бумага дизайнерская Kabuk IVORY АЙВОРИ, 120г/м2, Турция",лист 227*335мм,21,"0,21","2,40","0,50","0,60",ФАКТУРНАЯ АЙВОРИ,120,ОСТАТКИ ФИОРИ,,,,,,
Бумажная компания,ТТН 1057687 от 29.08.23г.,"Бумага дизайнерская ICEBLINK 2-ст тисн. лен белый, 300г/м2, Италия",лист SRA3,18,"1,32","1,71","2,25","2,70",ЛЕН БЕЛЫЙ,300,,,,,,,
Бумажная компания,ТТН1025860 от 17.07.24г.,"Бумага дизайнерская Velvet Кремовый, 300г/м2, Турция",лист SRA3,29,"1,39","1,62","2,25","2,70",ВЕЛЬВЕТ,300,,,,,,,
Бумажная компания,ТТН0579273 от 30.04.24г.,"Бумага дизайнерская Velvet Кремовый, 350г/м2, Турция",лист SRA3,40,"1,62","1,39","2,25","2,70",ВЕЛЬВЕТ,350,СПИСАТЬ,,,,,,
Люмитекс,ТТН1470870 от 27.09.24г.,"Бумага CURIOUS SKIN IVORY B1, 270 г/м2, Италия",лист SRA3,28,"1,38","1,63","2,25","2,70",ГЛАДКАЯ НАТУРАЛЬНАЯ,270,,,,,,,
Люмитекс,ТТН4180105 от 01.11.24г.,"Бумага дизайнерская TWILL BRIGHT WHITE, 300г/м2, Италия",лист SRA3,40,"1,25","1,80","2,25","2,70",ВЕЛЬВЕТ БЕЛЫЙ,300,,,,,,,
Люмитекс,ТТН2163927 от 19.11.25г.,"Бумага Fedrigoni Tintoretto Crema, 300г/м2, Италия",лист SRA3,20,"1,50","1,50","2,25","2,70",МЕЛКИЙ МОЛОТОК,300,,,,,,,
Бумажная компания,ТТН4862483 от 21.02.25г.,"Бумага дизайнерская Fancy Colorful White 320г/м2, Италия",лист SRA3,6,"1,21","1,86","2,25","2,70",ХЛОПОК НАТУРАЛЬНЫЙ,320,,,,,,,
Бумажная компания,ТТН0280576 от 08.09.25г.,"Бумага дизайнерская Fancy Colorful white, 120г/м2, Италия",лист SRA3,134,"0,43","2,10","0,90","1,08",ХЛОПОК НАТУРАЛЬНЫЙ,120,,,,,,,
Бумажная компания,ТТН4862483 от 21.02.25г.,"Бумага дизайнерская Fancy Colorful cream, 120г/м2, Италия",лист SRA3,65,"0,49","1,84","0,90","1,08",ХЛОПОК КРЕМОВЫЙ,120,,,,,,,
АртПапера,ТН2247668 от 25.06.25г.,"Бумага дизайнерская Fancy Colorful vinous (винный),320г/м2, Китай",лист SRA3,15,"1,20","1,88","2,25","2,70",ХЛОПОК ВИННЫЙ,320,конверты МАРЫ,,САША,3 с листа,,,
АртПапера,ТН2137658 от 30.10.25г.,"Бумага дизайнерская Fancy Colorful vinous (винный),320г/м2, Китай",лист SRA3,20,"1,50","1,50","2,25","2,70",ХЛОПОК ВИННЫЙ,320,конверты МАРЫ,,,,,,
АртПапера,ТН2248047 от 12.08.25г.,"Бумага дизайнерская Fancy Colorful Green spruce (Зеленая ель), 320г/м2, Китай",лист SRA3,20,"1,50","1,50","2,25","2,70",ХЛОПОК  ЗЕЛЕНЫЙ,320,,,,,,,
Бумажная компания,ТТН4271473 от 20.05.25г.,"Бумага дизайнерская Breeze 101 vinous (бордовый), 320г/м2, Китай",лист 320*250мм,16,"0,79","1,58","1,25","1,50",ХЛОПОК БОРДОВЫЙ,320,обложка WP,,,,,,
АртПапера,ТН2137442 от 13.10.25г.,"Бумага дизайнерская Knight color 300г natural whate/натуральный белый, Китай",лист SRA3,62,"1,50","1,50","2,25","2,70",ХЛОПОК НАТУРАЛЬНЫЙ,300,,,,,,,
АртПапера,ТН 2247579 от 17.06.25г.,"Бумага дизайнерская Knight color 300г /м2 ,red/бордо, Китай",лист SRA3,16,"1,50","1,50","2,25","2,70",ХЛОПОК БОРДОВЫЙ,300,,,,,,,
АртПапера,ТН2247668 от 25.06.25г.,"Бумага дизайнерская Knight color 300г /м2 ,red/бордо, Китай",лист SRA3,20,"1,50","1,50","2,25","2,70",ХЛОПОК БОРДОВЫЙ,300,,,,,,,
АртПапера,ТН2138055 от 02.12.25г.,"Бумага дизайнерская Knight color 300г /м2 , navy blue/темно-синий, Китай",лист SRA3,20,"1,50","1,50","2,25","2,70",ХЛОПОК ТЕМНО-СИНИЙ,300,,,,,,,
АртПапера,ТН 2247579 от 17.06.25г.,"Бумага дизайнерская Knight color 300г /м2 , grey/серый, Китай",лист SRA3,20,"1,50","1,50","2,25","2,70",ХЛОПОК СЕРЫЙ,300,,,,,,,
АртПапера,ТН2248047 от 12.08.25г.,"Бумага дизайнерская Knight color 300г brisk blue/морская волна, Китай",лист SRA3,20,"1,50","1,50","2,25","2,70",ХЛОПОК МОРСКАЯ ВОЛНА,300,,,,,,,
АртПапера,ТН2137211 от 18.09.25г.,"Бумага дизайнерская FlaxPaper natural (натурально-белый), 300г/м2, Китай",лист SRA3,17,"1,25","1,80","2,25","2,70",ЛЕН НАТУРАЛЬНЫЙ,300,,,,,,,
АртПапера,ТН2137442 от 13.10.25г.,"Бумага дизайнерская FlaxPaper natural (натурально-белый), 300г/м2, Китай",лист SRA3,20,"1,25","1,80","2,25","2,70",ЛЕН НАТУРАЛЬНЫЙ,300,,,,,,,
АртПапера,ТН2138183 от 10.12.25г.,"Бумага дизайнерская FlaxPaper CREAM (кремовый), 300г/м2, Китай",лист SRA3,29,"1,25","1,80","2,25","2,70",ЛЕН КРЕМОВЫЙ,300,,,,,,,
Бумажная компания,ТТН4081874 от 15.12.25г.,"Бумага дизайнерская Card Classical Color whate, белый, 120г/м2, Китай",лист SRA3,40,"0,58","1,55","0,90","1,08",ХЛОПОК БЕЛЫЙ,120,,,,,,,
Бумажная компания,ТТН4081874 от 15.12.25г.,"Бумага дизайнерская Card Classical Color natural, натуральный, 120г/м2, Китай",лист SRA3,40,"0,58","1,55","0,90","1,08",ХЛОПОК НАТУРАЛЬНЫЙ,120,,,,,,,
Бумажная компания,ТТН4081874 от 15.12.25г.,"Бумага дизайнерская Card Classical Color natural, натуральный, 260г/м2, Китай",лист SRA3,40,"1,27","1,77","2,25","2,70",ХЛОПОК НАТУРАЛЬНЫЙ,260,,,,,,,
Бумажная компания,ТТН4081874 от 15.12.25г.,"Бумага дизайнерская Card Classical Color cream, кремовый, 120г/м2, Китай",лист SRA3,40,"0,58","1,55","0,90","1,08",ХЛОПОК КРЕМОВЫЙ,120,,,,,,,
Бумажная компания,ТТН4081874 от 15.12.25г.,"Бумага дизайнерская Card Classical Color cream, кремовый, 260г/м2, Китай",лист SRA3,9,"1,27","1,77","2,25","2,70",ХЛОПОК КРЕМОВЫЙ,260,,,,,,,
АртПапера,ТН2138055 от 02.12.25г.,"Бумага дизайнерская Elegant Cotton paper Light Grey (серый), 320г/м2, Китай",лист SRA3,20,"1,75","1,43","2,50","3,00",ХЛОПОК СЕРАЯ,320,,,,,,,
АртПапера,ТН2138055 от 02.12.25г.,"Бумага дизайнерская Elegant Cotton paper orange (оранжевый), 320г/м2, Китай",лист SRA3,20,"1,75","1,43","2,50","3,00",ХЛОПОК ОРАНЖЕВАЯ,320,,,,,,,
2026,,,,,,,,,,,,,,,,,
АртПапера,ТН1541588 от 16.02.26г.,"Бумага дизайнерская FlaxPaper natural (натурально-белый), 300г/м2, Китай",лист SRA3,80,"1,00","2,25","2,25","2,70",ЛЕН НАТУРАЛЬНЫЙ,300,,,,,,,
АртПапера,ТН1541588 от 16.02.26г.,"Бумага дизайнерская FlaxPaper CREAM (кремовый), 300г/м2, Китай",лист SRA3,40,"1,00","2,25","2,25","2,70",ЛЕН КРЕМОВЫЙ,300,,,,,,,
АртПапера,ТН1541651 от 23.02.26г.,"Бумага дизайнерская Blanket 2/S Bright White (натуральный белый), 280г/м2, Китай",лист SRA3,12,"1,00","2,25","2,25","2,70",НАТУРАЛЬНАЯ МОЛОТОК,280,,,,,,,
ПЕРЛАМУТР-МЕТАЛЛИК,,,,,,,,,,,,,,,,,
Бумажная компания,ТТН2161848 от 15.02.23г.,"Бумага дизайнерская LUNAR Mini Лиловый, 240г/м2, Италия",лист SRA3,10,,,,,перламутр / металлик,240,СПИСАТЬ,,,,,,
Бумажная компания,ТТН2161848 от 15.02.23г.,"Бумага STARDREAM CITRINE, золотой мрамор, 285г/м2, Турция",лист SRA3,5,,,,,перламутр / металлик,240,СПИСАТЬ,,,,,,
Люмитекс,ТТН1470870 от 27.09.24г.,"Бумага Majestic Pariour Pink, 290г/м2, Италия",лист SRA3,13,"1,53","1,96","3,00","3,60",ЛИЛОВЫЙ ПЕРЛАМУТР,290,?,,,,,,
Люмитекс,ТТН 2459430 от 16.12.24г.,"Бумага Majestic Pariour Pink, 290г/м2, Италия",лист SRA3,19,"1,73","1,74","3,00","3,60",ЛИЛОВЫЙ ПЕРЛПМУТР,290,?,,,,,,
АРтПапера,ТН2067769 от 22.03.24г.,"Бумага дизайнерская Galaxy Metallic, 300г/м2, 2S soft white/натуральный белый, Китай",лист SRA3,4,"1,75","1,72","3,00","3,60",НАТУРАЛЬНЫЙ ПЕРЛАМКТР,300,,,,,,,
АРтПапера,ТН2067769 от 22.03.24г.,"Бумага дизайнерская Galaxy Metallic, 300г/м2, 2S vanilla cream/кремовый, Россия",лист SRA3,4,"1,75","1,72","3,00","3,60",КРЕМОВЫЙ ПЕРЛАМУТР,300,,,,,,,
Буманая компания,ТТН 4049139 от 18.03.24г.,"Бумага Majestic Candelight Cream Волшебная свеча, 120г/м2, Италия",лист SRA3,68,"0,57","1,75","1,00","1,20",ВОЛШЕБНАЯ СВЕЧА,120,,,,,,,
Люмитекс,ТТН1784908от 08.09.25г.,"Бумага Majestic Candelight Cream, 290г/м2, Италия",лист SRA3,40,"1,60","1,88","3,00","3,60",ВОЛШЕБНАЯ СВЕЧА,290,,,,,,,
Люмитекс,ТТН1784908от 08.09.25г.,"Бумага Majestic Milk, 290г/м2, Италия",лист SRA3,29,"1,60","1,88","3,00","3,60",МОЛОЧНЫЙ ПЕРЛАМУТР,290,,,,,,,
Бумажная компания,ТТН1706574 от 03.06.25г.,"Бумага дизайнерская Сolor Crystal chameleon Розовый хамелеон, 250г/м2, Китай",лист SRA3,25,"0,87","2,30","2,00","2,40",РОЗОВЫЙ ХАМЕЛЕОН,250,,,,,,,
Люмитекс,ТТН1784908от 08.09.25г.,"Бумага Majestic Marble Wate, 290г/м2, Италия",лист SRA3,22,"1,69","1,78","3,00","3,60",БЕЛЫЙ ПЕРЛАМУТР,290,,,,,,,
Артпапера,ТН2137780 от 12.11.25г.,"Бумага дизайнерская Quill Ice White Белый 300г /м2 , Китай",лист SRA3,74,"1,25","2,40","3,00","3,60",БЕЛЫЙ ХАМЕЛЕОН,300,ЛЕБЯЖИЙ,,,,,,
Артпапера,ТТН2137866 от 19.11.25г.,"Бумага дизайнерская ColorFlow Blue Синий, 300г/м2, Китай",лист SRA3,20,"1,38","2,18","3,00","3,60",СИНИЙ ПЕРЛАМУТР,300,,,,,,,
Артпапера,ТТН2137866 от 19.11.25г.,"Бумага дизайнерская Metal paper black черный, 250г/м2, Китай",лист SRA3,20,"1,13","1,78","2,00","2,40",ЧЕРНЫЙ ПЕРЛАМУТР,250,,,,,,,
Артпапера,ТТН2137866 от 19.11.25г.,"Бумага дизайнерская ColorFlow Christmas green Рождественский зеленый, 258г/м2, Китай",лист SRA3,20,"1,38","2,18","3,00","3,60",ЗЕЛЕНЫЙ ПЕРЛАМУТР,300,,,,,,,
Артпапера,ТТН2137866 от 19.11.25г.,"Бумага дизайнерская ColorFlow Gold Золото, 300г/м2, Китай",лист SRA3,40,"1,38","2,18","3,00","3,60",ЗОЛОТОЙ МЕТАЛЛИК,300,,,,,,,
2026,,,,,,,,,,,,,,,,,
АртПапера,ТН1541203 от 13.01.26г.,"Бумага дизайнерская ColorFlow Petal Розовый лепесток, 300г/м2, Китай",лист SRA3,20,"1,38","2,18","3,00","3,60",РОЗОВЫЙ,300,,,,,,,
АртПапера,ТН1541203 от 13.01.26г.,"Бумага дизайнерская Quill Ice White Белый 300г /м2 , Китай",лист SRA3,40,"1,00","3,00","3,00","3,60",БЕЛЫЙ ХАМЕЛЕОН,300,,,,,,,
АртПапера,ТН1541203 от 13.01.26г.,"Бумага дизайнерская Quill Pearl White Айвори 300г /м2 , Китай",лист SRA3,40,"1,00","3,00","3,00","3,60",АЙВОРИ,300,,,,,,,
АртПапера,ТН1541203 от 13.01.26г.,"Бумага дизайнерская ColorFlow Fresh Mint Свежая мята, 300г/м2, Китай",лист SRA3,20,"1,38","2,18","3,00","3,60",МЯТНЫЙ,300,,,,,,,
АртПапера,ТН1541203 от 13.01.26г.,"Бумага дизайнерская ColorFlow Damask blue Небо Дамаска, 300г/м2, Китай",лист SRA3,20,"1,38","2,18","3,00","3,60",ГОЛУБОЙ,300,,,,,,,
АртПапера,ТН1541203 от 13.01.26г.,"Бумага дизайнерская ColorFlow Cream Волшебная свеча, 300г/м2, Китай",лист SRA3,20,"1,38","2,18","3,00","3,60",ВОЛШЕБНАЯ СВЕЧА,300,,,,,,,
АртПапера,ТН1541456 от 04.02.26г.,"Бумага дизайнерская Quill Ice White Белый 300г /м2 , Китай",лист SRA3,100,"1,00","3,00","3,00","3,60",БЕЛЫЙ ХАМЕЛЕОН,300,,,,,,,
СОФТ-ТАЧ,,,,,,,,,,,,,,,,,
АртПапера,ТН2137592 от 16.10.25г.,"Бумага дизайнерская TactiTouch Red (красный), 300г/м2, Китай",лист SRA3,15,"2,00","2,00","4,00","4,80",КРАСНЫЙ,300,конверты + тиснение,,САША,3 с листа,,,
АртПапера,ТН2137592 от 16.10.25г.,"Бумага дизайнерская TactiTouch Green (зеленый), 300г/м2, Китай",лист SRA3,12,"2,00","2,00","4,00","4,80",ЗЕЛЕНЫЙ,300,конверты залкид+ тиснение,,САША,3 с листа,,,
АртПапера,ТН2137592 от 16.10.25г.,"Бумага дизайнерская TactiTouch burgundy (Бордо), 300г/м2, Китай",лист SRA3,18,"2,00","2,00","4,00","4,80",БОРДОВЫЙ,300,конверты залкид+ тиснение,,САША,3 с листа,,,
АртПапера,ТН2137592 от 16.10.25г.,"Бумага дизайнерская TactiTouch Blue Parisian (Синий парижский), 300г/м2, Китай",лист SRA3,20,"2,00","2,00","4,00","4,80",СИНИЙ,300,конверты залкид+ тиснение,,САША,3 с листа,,,
Артпапера,ТТН2137866 от 19.11.25г.,"Бумага дизайнерская TactiTouch Coffe (кофе), 300г/м2, Китай",лист SRA3,20,"2,00","2,00","4,00","4,80",КОФЕЙНЫЙ,300,,,,,,,
АртПапера,ТН2137592 от 16.10.25г.,"Бумага дизайнерская Rubber like black/черный 300г, Китай",лист SRA3,15,"2,75","1,46","4,00","4,80",ЧЕРНЫЙ,300,конверты + тиснение,,САША,3 с листа,,,
Люмитекс,ТТН2164720 от 09.12.25г.,"Бумага дизайнерская SENSE P5004-300гл.ст. софт-тач синий кобальт, 300г/м2, лист 787*1092мм, Китай",лист А5 (148*210мм),18,"0,50","1,50","0,75","0,90",СИНИЙ КОБОЛЬТ,120,ОСТАТКИ обложка синяя птица ,,,,,,
АртПапера,ТН2138183 от 10.12.25г.,"Бумага дизайнерская Popular Soft Touch 1/S White (белый), 120г/м2, Китай",лист SRA3,40,"0,88","1,42","1,25","1,50",МОЛОЧНЫЙ,120,ОСТАТКИ вн. Часть сертификат синяя птица,,,,,,
КОНВЕРТЫ ВЫРУБКА,,,,40,,,,,,,,,,,,,
Люмитекс,ТТН2164111 от 25.11.25г.,"Бумага Majestic RED SATIN, 250г/м2, Италия",лист SRA3,40,"1,69","1,78","3,00","3,60",перламутр / металлик,250,КОНВЕРТЫ,60 шт,,А6,,,
Люмитекс,ТТН2164111 от 25.11.25г.,"Бумага Burano SC Nero Notte, 250г/м2, Италия",лист SRA3,40,"1,13","2,00","2,25","2,70",фактурная,250,КОНВЕРТЫ,60 шт,,А6,,,
Люмитекс,ТТН2164111 от 25.11.25г.,"Бумага Burano SC ENGLISH GREEN, 250г/м2, Италия",лист SRA3,40,"1,22","1,44","1,75","2,10",натуральная зеленая,250,КОНВЕРТЫ,60 шт,,А6,,,
Бумажная компания,ТТН0129771 от 19.11.24г.,"Бумага дизайнерская Majestic classic Candelight Cream Волшебная свеча, 290г/м2, Италия",лист SRA3,40,"1,47","2,04","3,00","3,60",перламутр / металлик,290,КОНВЕРТЫ,60 шт,,А6,,,
2026,,,,,,,,,,,,,,,,,
АртПапера,ТН1541651 от 23.02.26г.,"Бумага дизайнерская TactiTouch Cold Blue (холодно-голубой), 300г/м2, Китай",лист SRA3,12,"1,25","3,20","4,00","4,80",ГОЛУБОЙ ,300,,,,,,,
,,,,,,,,,,,,,,,,,
,,,,,,,,,,,,,,,,,
,,,,,,,,,,,,,,,,,
САМОКЛЕЙКА,,,,,,,,,,,ПЕРЕСМОТРЕТЬ ЦЕНЫ,,,,,,
Артпапера,ТН2137996 от 27.11.25г.,"Бумага самоклеющаяся RITRAMA SemiGloss без просечек, Польша",лист SRA3,100,"0,54","3,70","2,00","2,40",БЕЗ ПРОСЕЧЕК,,,,,,,,
Артпапера,ТН2137996 от 27.11.25г.,"Бумага самоклеющаяся RITRAMA SemiGloss без просечек, Польша",лист 330*480мм,31,"0,54","3,70","2,00","2,40",БЕЗ ПРОСЕЧЕК,,,,,,,,
Люмитекс,ТТН5663774 от 02.10.25г.,"Бумага самокл. SZ 80 187г/м2 без насечек, Китай",лист SRA3,50,"0,35","5,00","1,75","2,10",БЕЗ ПРОСЕЧЕК,,????,,,,,,
Люмитекс,ТТН2164111 от 25.11.25г.,"Бумага самоклеящаяся SEMIGLOSS AP904 WK85 SPL33, Италия",лист SRA3,100,"0,40","5,00","2,00","2,40",БЕЗ ПРОСЕЧЕК,,,,,,,,
АртПапера,ТН2137088 от 08.09.25г.,"Бумага самоклеющаяся RITRAMA Gloss с просечкой, Польша",лист SRA3,10,"0,45","2,00","0,90","1,08",С ПРОСЕЧКОЙ,,,,,,,,
АртПапера,ТН2247673 от 26.06.25г.,"Самоклеющаяся полиэстеровая пленка для листовой цифровой печати Raflatac PolyLaser HS75г матовая белая SRA3 без просечек 450*320мм, Россия",лист SRA3,16,"3,00","1,33","4,00","4,80",ПЛЕНКА БЕЛАЯ МАТОВАЯ,,,,,,,,
Люмитекс,ТТН2163927 от 19.11.25г.,"Пленка самокл. Polylaser M W HS PERM DIGI FILM Kraft SP Stabilized 120 Solid Unprinted 450*320мм, Польша",лист SRA3,33,"2,94","1,36","4,00","4,80",ПЛЕНКА БЕЛАЯ МАТОВАЯ,,,,,,,,
Люмитекс,ТТН0482068 от 15.12.25г.,"Пленка самокл. Polylaser M W HS PERM DIGI FILM Kraft SP Stabilized 120 Solid Unprinted 450*320мм, Польша",лист SRA3,100,"2,94","1,36","4,00","4,80",ПЛЕНКА БЕЛАЯ МАТОВАЯ,,,,,,,,
2026,,,,,,,,,,,,,,,,,
Люмитекс,ТТН2303205 от 04.02.26г.,"Бумага самокл. SZ 80 187г/м2 без насечек, Китай",лист SRA3 (480*330мм),200,"0,34","5,89","2,00","2,40",БЕЗ ПРОСЕЧЕК,,,,,,,,
АртПапера,ТН1541651 от 23.02.26г.,"Пленочная самоклейка матовая белая K-Tak, 330*483мм",лист SRA3 (480*330мм),50,"2,5","3,33","4,00","4,80",ПЛЕНКА БЕЛАЯ МАТОВАЯ,,,,,,,,
КАЛЬКА,,,,,,,,,,,,,,,,,
АртПапера,ТН2067295 от 07.02.24г.,"Бумага /калька)дизайнерская Crystal Tracing Paper, 90г/м2, Турция",лист SRA3,18,"0,75","1,33","1,00","1,20",КАЛЬКА,90,,,,,,,
Бумажная компания,ТТН4271473 от 20.05.25г.,"Калька Transpalux Tracing paper, 133г/м2, Китай",лист SRA3,66,"0,77","1,95","1,50","1,80",КАЛЬКА,133,,,,,,,
Бумажная компания,ТТН4271473 от 20.05.25г.,"Калька Wite Whispe Tracing paper white, белая, 210г/м2, Китай",лист SRA3,13,"2,13","1,64","3,50","4,20",КАЛЬКА,210,,,,,,,
2026,,,,,,,,,,,,,,,,,
АртПапера,ТН1541456 от 04.02.26г.,"Калька LumiVell Tracing paper (белая) 93г/м2, Китай",лист SRA3,52,"0,63","1,59","1,00","1,20",КАЛЬКА,93,,,,,,,
МЕЛОВАННАЯ,,,,,,,,,,,,,,,,,
АртПапера,ТН2247491 от 05.06.25г.,"Бумага мелованная Nevia Digital матовая , 128г/м2, Россия",лист SRA3,32,"0,13","1,50","0,20","0,24",меловка,128-130,,,,,,,
Люмитекс,ТТН0482236 от 18.12.25г.,"Бумага мелованная Nevia MATT Digital 2-х ст. мелован. матовая белая, 128г/м2, Китай",лист SRA3,500,"0,14","1,50","0,20","0,24",меловка,128-130,,,,,,,
Люмитекс,ТТН0482068 от 15.12.25г.,"Бумага мелованная NEVIA MATT Digital 2-х ст.мелов.матовая беля 128г/м2, Россия",лист SRA3,250,"0,13","1,55","0,20","0,24",меловка,128-130,,,,,,,
АртПапера,ТН2137088 от 08.09.25г.,"Бумага мелованная Nevia MATT Digital 2-х ст. мелованная матовая белая 150г/м2, Россия",лист SRA3,530,"0,16","1,50","0,25","0,30",меловка,150,,,,,,,
АртПапера,ТН1647137 от 16.11.24г.,"Бумага мелованная Maxima Silk 200г/м2, Польша",лист SRA3,187,"0,24","1,65","0,40","0,48",меловка,200,списать,,,,,,
АртПапера,ТН2138055 от 02.12.25г.,"Бумага мелованная Maxima Silk 200г/м2, Польша",лист SRA3,250,"0,24","1,65","0,40","0,48",меловка,200,,,,,,,
АртПапера,ТН1647137 от 16.11.24г.,"Бумага мелованная Maxima Silk 250г/м2, Польша",лист SRA3,193,"0,30","1,68","0,50","0,60",меловка,250,списать,,,,,,
Люмитекс,ТН1071618 от 11.04.25г.,"Бумага мелованная Nevia MATT Digital 2-х ст. мелованная матовая белая 250г/м2, Россия",лист SRA3,180,"0,28","1,78","0,50","0,60",меловка,250,,,,,,,
АртПапера,ТН2247052 от 11.04.25г.,"Бумага мелованная Nevia MATT Digital матовая 250г/м2, Россия",лист SRA3,122,"0,28","1,78","0,50","0,60",меловка,250,,,,,,,
Артпапера,ТН2137996 от 27.11.25г.,"Бумага мелованная CHORUS LUX 250г /м2 , Польша",лист 330*480мм,20,"0,28","1,78","0,50","0,60",меловка,250,,,,,,,
Люмитекс,ТТН2164111 от 25.11.25г.,"Бумага UPM Digi FinessePremium Silk 300г/м2 , Польша",лист SRA3,23,"0,46","1,30","0,60","0,72",меловка,300,списать,,,,,,
Люмитекс,ТТН0482068 от 15.12.25г.,"Бумага PRO-DIGITAL SILK 2-х ст.мелован.матовая белая 300г/м2 , Корея",лист SRA3,465,"0,35","1,72","0,60","0,72",меловка,300,,,,,,,
Люмитекс,ТТН1784300 от 19.08.25г.,"Бумага UPM Digi Finesse Silk 350г/м2 , Польша",лист SRA3,83,"0,56","1,43","0,80","0,96",меловка,350,списать,,,,,,
АртПапера,ТН2138055 от 02.12.25г.,"Бумага UPM Finesse Silk 2-х стороняя мелованная матовая 350г/м2, Польша",лист SRA3,125,"0,49","1,64","0,80","0,96",меловка,350,,,,,,,
2026,,,,,,,,,,,,,,,,,
АртПапера,ТН1541651 от 23.02.26г.,"Бумага UPM Finesse Silk 2-х ст.мел.матов., 350г/м2, белая SRA3, Россия",лист SRA3,125,"0,52","1,54","0,80","0,96",меловка,350,,,,,,,
КАЛАНДРИРОВАННАЯ,,,,,,,,,,,,,,,,,
Бумажная компания,ТТН4568519 от 03.04.25г.,"Бумага Color Copy, 160г/м2 , А4, Австрия",лист А4,145,"0,18","1,41","0,25","0,30",калландр,160,списать,,,,,,
Люмитекс,ТТН2164720 от 09.12.25г.,"Бумага Color Copy, 160г/м2, Австрия",лист А4,250,"0,15","1,65","0,25","0,30",калландр,160,,,,,,,
Бумажная компания,ТТН5403084 от 15.09.25г.,"Бумага Color Copy, 300г/м2 A4, Австрия",лист A4,49,"0,31","1,78","0,55","0,66",калландр,160,списать,,,,,,
Бумажная компания,ТТН4081634 от 10.12.25г.,"Бумага Сolor Copy, 300г/м2, А4, Австрия",лист А4,125,"0,31","1,78","0,55","0,66",калландр,160,,,,,,,
АртПапера,ТН2137658 от 30.10.25г.,"Бумага Color Copy, 300г/м2 белая SRA3, Россия",лист A3,125,"0,78","1,41","1,10","1,32",калландр,300,??,,,,,,
Бумажная компания,ТТН0204563 от 11.04.23г.,"Бумага Ксерокс Колотек Плюс, 120г/м2 А3, Австрия",лист А3,101,"0,23","1,75","0,40","0,48",калландр,120,,,,,,,
Бумажная компания,ТТН 3251943 от 07.12.23г.,"Бумага Ксерокс Колотек Плюс, 90г/м2, Австрия",лист SRA3,115,"0,20","1,26","0,25","0,30",калландр,90,,,,,,,
Бумажная компания,ТТН4247089 от 21.09.22г.,"Бумага Сolor Copy 100г/м2, 450х320мм, Австрия",лист SRA3,95,"0,17","1,75","0,30","0,36",калландр,100,списать,,,,,,
Бумажная компания,ТТН4081874 от 15.12.25г.,"Бумага Color Copy, 100г/м2 SRA3, Австрия",лист SRA3,500,"0,22","1,35","0,30","0,36",калландр,100,,,,,,,
Бумажная компания,ТТН0801524 от 06.12.24г.,"Бумага Color Copy, 160г/м2 белая, Австрия",лист SRA3,45,"0,18","2,80","0,50","0,60",калландр,160,спмсать,,,,,,
АртПапера,ТН2138055 от 02.12.25г.,"Бумага Color Copy, 160г/м2 SRA3, Австрия",лист SRA3,250,"0,38","1,32","0,50","0,60",калландр,160,,,,,,,
АртПапера,ТН 2246849 от 14.03.25г.,"Бумага Color Copy 200г/м2, белая, Словакия",лист SRA3,97,"0,47","1,49","0,70","0,84",калландр,200,списать,,,,,,
АртПапера,ТН2138055 от 02.12.25г.,"Бумага Color Copy, 200г/м2 SRA3, Австрия",лист SRA3,250,"0,46","1,52","0,70","0,84",калландр,200,,,,,,,
Люмитекс,ТТН2411895 от 08.09.25г.,"Бумага Color Copy, пл.250 г/м2, белая, Австрия",лист SRA3,10,"0,55","1,64","0,90","1,08",калландр,250,списать,,,,,,
Люмитекс,ТН2331712 от 08.09.25г.,"Бумага Color Copy, пл.250 г/м2, белая, Австрия",лист SRA3,125,"0,55","1,63","0,90","1,08",калландр,250,списать,,,,,,
Бумажная компания,ТТН 1200451 от 14.06.23г.,"Бумага Ксерокс Колотек Плюс, 250г/м2 SRA3, Австрия",лист SRA3,56,"0,57","1,58","0,90","1,08",калландр,250,списать,,,,,,
АртПапера,ТН2138183 от 10.12.25г.,"Бумага Color Copy, 250г/м2 SRA3, Австрия",лист SRA3,125,"0,62","1,45","0,90","1,08",калландр,250,,,,,,,
АртПапера,ТН2248092 от 19.08.25г.,"Бумага Color Copy, 300г/м2, белая SRA3, Австрия",лист SRA3,77,"0,78","1,41","1,10","1,32",калландр,300,списать,,,,,,
Бумажная компания,ТТН5403084 от 15.09.25г.,"Бумага Color Copy, 300г/м2 SRA3, Австрия",лист SRA3,125,"0,75","1,47","1,10","1,32",калландр,300,списать,,,,,,
Артпапера,ТТН2137866 от 19.11.25г.,"Бумага Color Copy, 300г/м2 SRA3, Австрия",лист SRA3,125,"0,78","1,41","1,10","1,32",калландр,300,списать,,,,,,
Бумажная компания,ТТН 0053601 от 31.07.23г.,"Бумага Ксерокс Колотек Плюс, 300г/м2 А3, Австрия",лист SRA3,184,"0,72","1,53","1,10","1,32",калландр,300,списать,,,,,,
Бумажная компания,ТТН4081874 от 15.12.25г.,"Бумага Color Copy, 300г/м2 SRA3, Австрия",лист SRA3,125,"0,75","1,47","1,10","1,32",калландр,300,,,,,,,
АртПапера,ТН2138055 от 02.12.25г.,"Бумага Color Copy, 350г/м2 SRA3, Австрия",лист SRA3,40,"0,92","1,41","1,30","1,56",калландр,350,списать,,,,,,
Бумажная компания,ТТН4081874 от 15.12.25г.,"Бумага Color Copy, 350г/м2 SRA3, Австрия",лист SRA3,125,"0,86","1,51","1,30","1,56",калландр,350,,,,,,,
АртПапера,ТН2137327 от 30.09.25г.,Бумага для цифровой печати Master Copy L 350г SRA3,лист SRA3,152,"0,72","1,80","1,30","1,56",калландр,350,,,,,,,
2026,,,,,,,,,,,,,,,,,
АртПапера,ТН1541203 от 13.01.26г.,"Бумага Color Copy, 300г/м2 SRA3, Австрия",лист SRA3,125,"0,78","1,42","1,10","1,32",калландрированная,300,,,,,,,
АртПапера,ТН1541456 от 04.02.26г.,Бумага для цифровой печати Master Copy L 350г SRA3,лист SRA3,100,"0,72","1,80","1,30","1,56",калландрированная,350,,,,,,,
АртПапера,ТН1541588 от 16.02.26г.,"Бумага Color Copy, 300г/м2, белая SRA3, Россия",лист SRA3,125,"0,78","1,41","1,10","1,32",калландрированная,300,,,,,,,
АртПапера,ТН1541588 от 16.02.26г.,"Бумага Color Copy, 350г/м2, белая SRA3, Россия",лист SRA3,125,"0,92","1,41","1,30","1,56",калландрированная,350,,,,,,,
АртПапера,ТН1541588 от 16.02.26г.,Бумага для цифровой печати Master Copy L 350г SRA3,лист SRA3,90,"0,72","1,80","1,30","1,56",калландрированная,350,,,,,,,
АртПапера,ТН1541658 от 23.02.26г.,"Бумага Color Copy, 200г/м2, белая SRA3, Россия",лист SRA3,250,"0,46","1,53","0,70","0,84",калландрированная,200,,,,,,,
РУЛОННАЯ,,,,,,,,,,,,,,,,,
Бумажная компания,ТТН4958567 от 21.10.25г.,"Бумага в рулонах пл.80г/м2, 840*76*175м, Беларусь",м.п.,147,"0,58","1,50","0,87","1,04",справочно за 1 м.п.,,,,,,,,
Люмитекс,ТТН2164720 от 09.12.25г.,"Бумага офсетная улучш. Кач-ва 80г/м2, белый, 420*175*76мм, Россия",м.п.,99,"0,15","1,50","0,23","0,27",справочно за 1 м.п.,,,,,,,,
Бумажная компания,ТТН4081634 от 10.12.25г.,"Бумага в рулонах пл.80г/м2, 297*76*175м, Беларусь",м.п.,242,"0,21","1,50","0,32","0,38",справочно за 1 м.п.,,,,,,,,
Бумажная компания,ТН0012903 от 13.01.26г.,"Бумага в рулонах пл.80г/м2, 840*76*175, Беларусь",м.п.,175,"0,58","1,50","0,87","1,04",справочно за 1 м.п.,,,,,,,,
Бумажная компания,ТН0012903 от 13.01.26г.,"Бумага в рулонах пл.80г/м2, 594*76*175, Беларусь",м.п.,350,"0,44","1,50","0,66","0,79",справочно за 1 м.п.,,,,,,,,
2026,,,,,,,,,,,,,,,,,
Бумажная компания,ТН0012903 от 13.01.26г.,"Бумага в рулонах пл.80г/м2, 297*76*175, Беларусь",м.п.,350,"0,21","1,50","0,32","0,38",справочно за 1 м.п.,,,,,,,,
Бумажная компания,ТН0012903 от 13.01.26г.,"Бумага в рулонах пл.80г/м2, 420*76*175, Беларусь",м.п.,175,"0,29","1,50","0,44","0,52",справочно за 1 м.п.,,,,,,,,
ОФИСНАЯ,,,,,,,,,,,,,,,,,
АртПапера,ТН138331 от 22.12.25г.,"Бумага PROJECTA Ultra, марка А, 80г/м2 А3, Россия",лист А3,1 699,"0,05","1,50","0,08","0,09",офисная,,,,,,,,
АртПапера,ТН138331 от 22.12.25г.,"Бумага PROJECTA Ultra, марка А, 80г/м2 А4, Россия",лист А4,2 587,"0,02","1,50","0,03","0,04",офисная,,,,,,,,
2026,,,,,,,,,,,,,,,,,
Бумажная компания,ТТН0013961 от 13.01.26г.,"Бумага PROJECTA Ultra, марка А, 80г/м2 А3, Россия",лист А3,2 500,"0,05","1,85","0,09","0,12",офисная,,,,,,,,
Бумажная компания,ТТН0013961 от 13.01.26г.,"Бумага PROJECTA Ultra, марка А, 80г/м2 А4, Россия",лист А4,5 000,"0,03","1,80","0,05","0,06",офисная,,,,,,,,
Люмитекс,ТТН2303205 от 04.02.26г.,"Бумага NEVIA 80г/м2 , А4,Китай",лист А4,5 000,"0,02","1,80","0,05","0,06",офисная,,,,,,,,
2026 приход,,,,,,,,,,,,,,,,,
Приход-МАРТ 2026 ,,,,,,,,,,,,,,,,,
Люмитекс,ТТН2304192 от 05.03.26г.,"Пленка самокл. Polylaser M W HS PERM DIGI FILM Kraft SP Stabilized 120 Solid Unprinted 450*320мм, Польша",лист SRA3,100,"2,94",,,,,,,,,,,,
Люмитекс,ТТН2304192 от 05.03.26г.,"Бумага UPM Dogi Finesse Premium 300г/м2 , Польша",лист SRA3,125,"0,46",,,,,,,,,,,,
Артпапера,ТН1541802 от 09.03.26,"Бумага Color Copy,160г/м2, белая SRA3, Россия",лист SRA3,250,"0,38",,,,,,,,,,,,
Артпапера,ТН1541802 от 09.03.27,"Бумага Color Copy, 350г/м2, белая SRA3, Россия",лист SRA3,250,"0,92",,,,,,,,,,,,
Диктум,ТТН2446453 от 12.03.26г.,"Пленка д/ламинирования 320мм*200м, 30мкм (втулка 25), БОПП матовая ""Диджитал"", Китай",м,800,"0,34",,,,,,,,,,,,
Диктум,ТТН2446453 от 12.03.26г.,"Пленка д/ламинирования рул.Soft Touch БОПП "" 320мм*200м*30мкм, Китай",м,400,"0,35",,,,,,,,,,,,
АПРЕЛЬ 2026,,,,,,,,,,,,,,,,,
Справка от 01.04.26г.,"ТН №1541954 от 25.03.2026г. , ТН №1541931 от 24.03.26г. от ООО ""АртПапера""","Конверт формата А6, Бумага дизайнерская ColorFlow Cream Волшебная свеча, 300г/м2, вырубка и склейка",шт.,45,"0,88",,,,,,,,,,,,
Справка от 01.04.26г.,"ТН №1541954 от 25.03.2026г. , ТН №1541931 от 24.03.26г. от ООО ""АртПапера""","Конверт формата А6, Бумага дизайнерская ColorFlow Blue синий, 300г/м2, вырубка и склейка",шт.,45,"0,88",,,,,,,,,,,,
Справка от 01.04.26г.,"ТН №1541954 от 25.03.2026г. , ТН №1541931 от 24.03.26г. от ООО ""АртПапера""","Конверт формата А6, Бумага дизайнерская ColorFlow Gold Золото, 300г/м2, вырубка и склейка",шт.,45,"0,88",,,,,,,,,,,,
Справка от 01.04.26г.,"ТН №1541954 от 25.03.2026г. , ТН №1541931 от 24.03.26г. от ООО ""АртПапера""","Конверт формата А6, умага дизайнерская ColorFlow petal Розовый лепесток, 300г/м2, вырубка и склейка",шт.,45,"0,88",,,,,,,,,,,,
Справка от 01.04.26г.,"ТН №1541954 от 25.03.2026г. , ТН №1541931 от 24.03.26г. от ООО ""АртПапера""","Конверт формата А6, Бумага дизайнерская ColorFlow Royal Blue Королевский синий, 300г/м2, вырубка и склейка",шт.,45,"0,88",,,,,,,,,,,,
Справка от 01.04.26г.,"ТН №1541954 от 25.03.2026г. , ТН №1541931 от 24.03.26г. от ООО ""АртПапера""","Конверт формата А6, Бумага дизайнерская ColorFlow Chrismas Рождественский зеленый, 300г/м2, вырубка и склейка",шт.,45,"0,88",,,,,,,,,,,,
ИП Касперович Е.В.,ТН1146924 от 02.04.26г.,Клише MOVA 95*24мм,шт.,1,69,отгружено,,,,,,,,,,,
АлькорПРи нт,ТН0956124 от 06.04.26г.,"Буклет А4, красочность 4+4, бумага мелованная 130г/м2, 1 фальц, 1 комплект-1000шт.",комп.,1,200,списать,реклама,,,,,,,,,,
АртПапера,ТН1542159 от 16.04.26г.,"Конверты дизайнерскик Galaxy KUV Smooth black (110/220мм), 110г, Китай-Россия",шт.,30,"0,80",,,,,,,,,,,,
АртПапера,ТН1542159 от 16.04.26г.,"Конверты дизайнерскик DL Quill Ice Whate Белый, 120гм2, Китай",шт.,30,"0,60",,,,,,,,,,,,
АртПапера,ТН1542026 от 02.04.26г.,"Калька Transpalux Tracing paper, 133г/м2, Китай",лист SRA3,40,"0,88",,,,,,,,,,,,
АртПапера,ТН1542026 от 02.04.26г.,"Бумага Color Copy 350г/м2, Россия",лист SRA3,125,"0,92",,,,,,,,,,,,
АртПапера,ТН1542026 от 02.04.26г.,Бумага для цифровой печати Master Copy L 350г SRA3,лист SRA3,90,"0,72",,,,,,,,,,,,
АртПапера,ТН1542026 от 02.04.26г.,"Бумага PROJECTA Ultra, марка А 80г/м2, А3, Росси",лист A3,1 000,"0,05",,,,,,,,,,,,
АртПапера,ТН1542026 от 02.04.26г.,"Бумага самоклеящаяся STIKER GLOSS 80G без просечек, Польша",лист SRA3,50,"0,5",,,,,,,,,,,,
ХСКомпозит,ТТН1462291 от 10.04.26г.,315 ХКС Эпоксидная смола+отвердитель Elastia Crystal (3+1),грамм,4 000,"0,02",,,,,,,,,,,,
Офис-техника,ТТН4694622 от 08.04.26г.,"Люверсы d 4,8mm золото, Тайвань",шт.,250,"0,04",,,,,,,,,,,,
Офис-техника,ТТН4694622 от 08.04.26г.,"Фольга RM 34-210 золото (10см*122м), США",м,122,"0,6",,,,,,,,,,,,
Офис-техника,ТТН4694622 от 08.04.26г.,"Фольга RM 34-100 серебро (10см*122м), США",м,122,"0,6",,,,,,,,,,,,
АртПапера,ТН1542159 от 16.04.26г.,"Бумага дизайнерская FlaxPaper natural (натурально-белый), 300г/м2, Китай",лист SRA3,100,1,,,,,,,,,,,,
АртПапера,ТН1542159 от 16.04.26г.,"Бумага Color Copy, 300г/м2, белая SRA3, Россия",лист SRA3,125,"0,78",,,,,,,,,,,,
АртПапера,ТН1542159 от 16.04.26г.,"Бумага дизайнерская Dawnt Moon Natural (натуральный белый), 300г /м2 , Китай",лист SRA3,80,1,,,,,,,,,,,,
АртПапера,ТН1542159 от 16.04.26г.,"Бумага дизайнерская Dawnt Moon creme (кремовый), 300г /м2 , Китай",лист SRA3,80,1,,,,,,,,,,,,
,,,,,,,,,,,,,,,,,
,,,,,,,,,,,,,,,,,
,,,,,,,,,,,,,,,,,
,,,,,,,,,,,,,,,,,
,,,,,,,,,,,,,,,,,
,,,,,,,,,,,,,,,,,
,,,,,,,,,,,,,,,,,
,,,,,,,,,,,,,,,,,
,,,,,,,,,,,,,,,,,
,,,,,,,,,,,,,,,,,
,,,,,,,,,,,,,,,,,
,,,,,,,,,,,,,,,,,
,,,,,,,,,,,,,,,,,
,,,,,,,,,,,,,,,,,
,,,,,,,,,,,,,,,,,
,,,,,,,,,,,,,,,,,
,,,,,,,,,,,,,,,,,
,,,,,,,,,,,,,,,,,
,,файл,,,,,,,,,,,,,,,
,,,,,,,,,,,,,,,,,
,,,,,,,,,,,,,,,,,
,,,,,,,,,,,,,,,,,
,,,,,,,,,,,,,,,,,
,,,,,,,,,,,,,,,,,
,,,,,,,,,,,,,,,,,
,,,,,,,,,,,,,,,,,
,,,,,,,,,,,,,,,,,
,,,,,,,,,,,,,,,,,
,,,,,,,,,,,,,,,,,
,,,,,,,,,,,,,,,,,
,,,,,,,,,,,,,,,,,
,,,,,,,,,,,,,,,,,
,,,,,,,,,,,,,,,,,
,,,,,,,,,,,,,,,,,
,,,,,,,,,,,,,,,,,
,,,,,,,,,,,,,,,,,
Смартон,ТТН5806647 от 21.06.23г.,"Бумага цветная А4, 80г/м2 ""Promega jet"" , желтый интен.-30%, Россия",лист А4,500,"0,06","1,60","0,10","0,12",ОФИСНАЯ ЦВЕТНАЯ,80,ПРОВЕРИТЬ НАЛИЧИЕ,,,,,,
,,,,,,,,,,,,,,,,,
СПИСАТЬ,,,,,,,,,,,,,,,,,
АртПАпера,ТН069365029 от 17.01.20г.,"Бумага дизайнерская Mohawk Loop Antique Vellum 298г Джут, Россия",лист SRA3,9,"0,90",,,,,,СПИСАТЬ,,,,,,
Люмитекс,ТТН2411041 от 02.06.25г.,"Бумага Biancoflash Ivory Айвори, 300г/м2, Италия",лист SRA3,39,,,,,,,СПИСАТЬ,,,,,,
Люмитекс,ТТН1784908от 08.09.25г.,"Бумага Biancoflash Ivory Айвори, 300г/м2, Италия",лист SRA3,80,,,,,,,СПИСАТЬ,,,,,,
Бумажная компания,ТТН1024345 от 10.07.24г.,"Бумага дизайнерская ASTRAL DREAM Saphire Волшебная свеча, 300г/м2, Турция",лист SRA3,24,"1,45","2,08","3,00","3,60",перламутр / металлик,300,СПИСАТЬ,,,,,,
Артпапера,ТТН2137866 от 19.11.25г.,"Бумага дизайнерская Rubber like white/белый 300г, Китай",лист SRA3,11,"2,75","1,46","4,00","4,80",софт-тач,300,СПИСАТЬ,,,,,,
,,,,,,,,,,,,,,,,,
,,,,,,,,,,,,,,,,,
ПАКЕТНАЯ ПЛЕНКА ДЛЯ ЛАМИНИРОВАНИЯ,,,,,,,,,,,,,,,,,
Смартон,ТТН1099622 от 12.09.25г.,"Пленка для ламинирования формама А5, глянцевая gloss, Китай",лист А5,95,"0,14",,,,,,,,,,,,
Смартон,ТТН1099622 от 12.09.25г.,"Пленка для ламинирования формама А7, глянцевая gloss, Китай",лист А7,100,"0,06",,,,,,,,,,,,
Смартон,ТТН0860244 от 19.03.25г.,"Пленка д/ламинирования А4/75 глянцевая, Китай",лист А4,97,"0,11",,,,,,,,,,,,
Диктум,ТТН3552261 от 15.08.25г.,"Пленка д/ламинирования МАТОВАЯ ROYAl A4 80мкм, Китай",лист А4,100,"0,52",,,,,,,,,,,,
Диктум,ТТН0476362 от 22.10.24г.,"Пленка д/ламинирования ПЭТ 303мм*216мм*75мкм, Китай",лист 216*303мм,93,"0,16",,,,,,,,,,,,
Диктум,ТТН0476362 от 22.10.24г.,"Пленка д/ламинирования кармашковая матовая WFПЭТ 303мм*216мм*75мкм, Китай",лист 216*303мм,83,"0,45",,,,,,,,,,,,
ДИКТУМ,ТТН3604491 от 19.06.23г.,"Пленка для ламинирования кармашковая матовая ПЭТ WF 303мм*426мм, 75 мкм, А3, Китай",лист A3,33,"0,75",,,,,,,,,,,,
РУЛОННАЯ ПЛЕНКА ДЛЯ ЛАМИНИРОВАНИЯ,,,,,,,,,,,,,,,,,
ДИКТУМ,ТТН3604491 от 19.06.23г.,"Пленка д/ламинирования глянцевая БОПП "" 320мм*200м*30мкм, Россия",м,300,"0,18",,,,,,,,,,,,
ДИКТУМ,ТТН3604491 от 19.06.23г.,"Пленка д/ламинирования рул.Soft Touch БОПП "" 320мм*200м*30мкм, Китай",м,95,"0,50",,,,,,,,,,,,
Диктум,ТТН0476362 от 22.10.24г.,"Пленка д/ламинирования рул.Soft Touch БОПП "" 320мм*200м*30мкм, Китай",м,800,"0,40",,,,,,,,,,,,
Диктум,ТТН3552261 от 15.08.25г.,"Рул. пленка д/ламинирования МАТОВАЯ БОПП 320мм*200м*30мкм, Китай",м,387,"0,40",,,,,,,,,,,,
Люмитекс,ТТН0735341 от 26.06.24г.,"Пленка д/ламинирования 32 РЕ FULL (PET) МАТОВАЯ 320мм*200м*30мкм, Индия",м,380,"0,30",,,,,,,,,,,,
Диктум,ТТН4424757 от 30.09.25г.,"Рул. пленка д/ламинирования Polynex 12/28 MATT 320мм*200м*40мкм, Корея",м,800,"0,48",,,,,,,,,,,,
,ТТН2051744 от 19.11.25г.,"Пленка для ламинирования Dogital мат 320мм*200м*30мкм, Индия",м,800,"0,44",,,,,,,,,,,,
Диктум,ТТН2051744 от 19.11.25г.,"Пленка ламинационная SCUFF-FREE VELVET 320мм*200м*32мкм, Индия",м,400,"0,45",,,,,,,,,,,,
,,,,,,,,,,,,,,,,,
,,УПАКОВКА,,,,,,,,,,,,,,,
ОМ-Сервис,ТН1484000 от 14.01.26г.,Пакет тип I СПП30 (80*120+40кл.)+с.л.,шт.,750,"0,05","1,50","0,08","0,09",для упак. стикеров А7,,,,,,,,
ОМ-Сервис,ТН1484000 от 14.01.26г.,"Пакет 35*455ПП (25мкм) скотч, Россия",шт.,300,"0,18","1,50","0,27","0,32",для упаковки продукции,списание,,,,,,,
Смартон,ЭД от 14.01.2026г.,"Пружины для перфопер. 10мм черные, Китай",шт.,100,"0,14","1,50","0,21","0,25",,,,,,,,,
Смартон,ЭД от 14.01.2026г.,"Обложка (перф.) пласт. прозр. 0,2мм, Китай",шт.,200,"0,26","1,50","0,39","0,47",,,,,,,,,
Смартон,ЭД от 14.01.2026г.,"Обложка (перф.) А4 картон под кожу белая, Китай",шт.,200,"0,24","1,50","0,36","0,43",,,,,,,,,
Смартон,ЭД от 14.01.2026г.,"Пружины для перфопер. 25мм белые, Китай",шт.,50,"0,48","1,50","0,72","0,86",,,,,,,,,
АртПапера,ТН1541267 от 20.01.26г.,"Бумага самоклеющаяся RITRAMA SemiGloss АР904 WK 85 насеч.33мм, 180г/м2, Польша",лист SRA3,30,"0,45","4,45","2,00","2,40",самоклейка бумага,,,,,,,,
АртПапера,ТН1541267 от 20.01.26г.,"Бумага Color Copy, 350г/м2 SRA3, Австрия",лист SRA3,250,"0,92","1,41","1,30","1,56",калландрированная,,,,,,,,
АртПапера,ТН1541273 от 21.01.26г.,"Бумага дизайнерская FlaxPaper CREAM (кремовый), 300г/м2, Китай",лист SRA3,40,"1,00","2,25","2,25","2,70","лен, фактурная",,,,,,,,
АртПапера,ТН1541273 от 21.01.26г.,"Бумага дизайнерская FlaxPaper natural (натурально-белый), 300г/м2, Китай",лист SRA3,40,"1,00","2,25","2,25","2,70","лен, фактурная",,,,,,,,
,,,,,,,,,,,,,,,,,
ФОТОБУМАГА,,,,,,,,,,,,,,,,,
Триовист,ТТН0923245 от 28.10.25г.,"Фотобумага Lomond глянцевая А4, 230г/м2, Россия",лист А4,90,"0,28","1,50","0,42","0,50",ФОТО,230,,,,,,,
Триовист,ТТН2679675 от 09.04.24г.,"Фотобумага А4, 230г/м2, матовая ""Lomond"", Россия",лист А4,28,"0,27","1,50","0,41","0,49",ФОТО,230,,,,,,,
Спринкс,ТН1700219 от 23.04.24г.,"Бумага Lomond матовая 230г/м2, формат А4, Россия",лист А4,50,"0,28","1,50","0,42","0,50",ФОТО,230,,,,,,,
Спринкс,ТН1700219 от 23.04.24г.,"Бумага Lomond сатин 270г/м2, 10*15см, Россия",10*15см,233,"0,23","1,50","0,35","0,41",ФОТО,270,,,,,,,
Спринкс,ТН1700219 от 23.04.24г.,"Бумага Lomond экономичная глянцевая, 230г/м2, 10*15см, Россия",10*15см,201,"0,08","1,50","0,12","0,14",ФОТО,230,,,,,,,
Спринкс,ТН1710012 от 22.05.25г.,"Бумага Lomond матовая 230г/м2, 10*15см, Россия",10*15см,254,"0,07","1,50","0,11","0,13",ФОТО,230,,,,,,,
Спринкс,ТН1710012 от 22.05.25г.,"Бумага Lomond глянцевая 230г/м2, 10*15см, Россия",10*15см,250,"0,09","1,50","0,14","0,16",ФОТО,230,,,,,,,
Спринкс,ТН1710012 от 22.05.25г.,"Бумага Lomond сатин 270г/м2, 10*15см, Россия",10*15см,499,"0,27","1,50","0,41","0,49",ФОТО,270,,,,,,,
Спринкс,ТН1710012 от 22.05.25г.,"Бумага Lomond шелковисто-матовая 260г/м2, 10*15см, Россия",10*15см,487,"0,23","1,50","0,35","0,41",ФОТО,260,,,,,,,
Триовист,ТТН0923245 от 28.10.25г.,"Фотобумага Lomond матовая А6, 230г/м2, Россия",лист А6,500,"0,07","1,50","0,11","0,13",ФОТО,230,,,,,,,
,,,,,,,,,,,,,,,,,
,,,,,,,,,,,,,,,,,
,,,,,,,,без ндс,,,,,,,,,
Бумажная компания,ТТН0015810 от 28.01.26г.,"Бумага дизайнерская Natural colour kraft Крафт, 150г/м2, Китай",лист SRA3,40,"0,38",,,"0,38",,,,,,,,,